Bill Number,Vendor,Bill Date,Due Date,Payment Terms,Account,Description,Product/Service,Customer/Project,Amount,Reference,Memo,Cost Type,tax code
BILL-2001,Sarah Chen,01/06/2026,01/06/2026,Due on Receipt,5110 Direct Contractor Cost:Freelance Designers,Design labor - full brand identity engagement,Brand Identity Package,BWL-BRD-2026,"$1,300.00",SC-0114,20 hrs @ $65/hr,Direct Project Cost,16%
BILL-2002,Sarah Chen,01/20/2026,01/20/2026,Due on Receipt,5110 Direct Contractor Cost:Freelance Designers,Design labor - firm rebrand engagement,Brand Identity Package,MFL-BRD-2026,"$1,625.00",SC-0119,25 hrs @ $65/hr,Direct Project Cost,16%
BILL-2003,Isabel Reyes,02/07/2026,02/22/2026,Net 15,5110 Direct Contractor Cost:Freelance Designers,Design labor - packaging/print collateral,Print Collateral Package,R9C-GD-2026,$600.00,IR-0088,10 hrs @ $60/hr,Direct Project Cost,16%
BILL-2004,Isabel Reyes,02/10/2026,02/25/2026,Net 15,5110 Direct Contractor Cost:Freelance Designers,Design labor - new patient flyer,Graphic Design - Hourly,CED-GD-2026,$300.00,IR-0089,5 hrs @ $60/hr,Direct Project Cost,16%
BILL-2005,Mira Kessler,01/14/2026,01/14/2026,Due on Receipt,5130 Direct Contractor Cost:Freelance Photographers,Product photography session,Product Photography Package,HAR-PHOTO-2026,$400.00,MK-0231,"Half-day session, flat rate",Direct Project Cost,16%
BILL-2006,Mira Kessler,01/15/2026,01/15/2026,Due on Receipt,5130 Direct Contractor Cost:Freelance Photographers,2 listing photo sessions,Corporate Photography - Half Day,NPG-PHOTO-2026,"$1,300.00",MK-0232,2 sessions @ $650 flat rate,Direct Project Cost,16%
BILL-2007,Mira Kessler,02/13/2026,02/13/2026,Due on Receipt,5130 Direct Contractor Cost:Freelance Photographers,1 listing photo session,Corporate Photography - Half Day,NPG-PHOTO-2026,$650.00,MK-0240,"1 session, flat rate",Direct Project Cost,16%
BILL-2008,Mira Kessler,02/17/2026,02/17/2026,Due on Receipt,5130 Direct Contractor Cost:Freelance Photographers,Event photography session,Corporate Photography - Full Day,WVE-PROD-2026,$650.00,MK-0241,"Full-day session, flat rate",Direct Project Cost,16%
BILL-2009,Dylan Nolan,02/17/2026,02/17/2026,Due on Receipt,5120 Direct Contractor Cost:Freelance Video Editors,Event video shoot - camera/direction,Promotional Video - Full Day Shoot,WVE-PROD-2026,$450.00,DN-0057,1 day @ $450 day rate,Direct Project Cost,16%
BILL-2010,Leah Foster,02/19/2026,03/06/2026,Net 15,5120 Direct Contractor Cost:Freelance Video Editors,Event video editing,Promotional Video - Full Day Shoot,WVE-PROD-2026,$750.00,LF-0063,10 hrs @ $75/hr,Direct Project Cost,16%
BILL-2011,Daniel Kim,02/09/2026,02/24/2026,Net 15,5310 Client Project Costs:Client Advertising Cost,Ad campaign management labor,Digital Ad Campaign Setup & Management,HAR-ADS-2026,$850.00,DK-0102,10 hrs @ $85/hr,Direct Project Cost,16%
BILL-2012,Daniel Kim,02/24/2026,03/11/2026,Net 15,5310 Client Project Costs:Client Advertising Cost,Ad campaign management labor,Digital Ad Campaign Setup & Management,BPL-ADS-2026,$510.00,DK-0103,6 hrs @ $85/hr,Direct Project Cost,16%
BILL-2013,Meta Ads,02/10/2026,02/10/2026,Due on Receipt,5310 Client Project Costs:Client Advertising Cost,"Facebook/Instagram ad spend, billed to client at cost",Client Ad Spend Pass-Through,HAR-ADS-2026,$450.00,META-88213,"No markup, per client agreement",Direct Project Cost,16%
BILL-2014,Google Ads,02/10/2026,02/10/2026,Due on Receipt,5310 Client Project Costs:Client Advertising Cost,"Google search/display ad spend, billed to client at cost",Client Ad Spend Pass-Through,HAR-ADS-2026,$350.00,GADS-55120,"No markup, per client agreement",Direct Project Cost,16%
BILL-2015,ProShoot Equipment Rentals,02/16/2026,03/03/2026,Net 15,5210 Direct Production Cost:Production Equipment Rental,"Specialty lighting/grip rental, 1 day",Promotional Video - Full Day Shoot,WVE-PROD-2026,$175.00,PSR-4021,Event shoot equipment,Direct Project Cost,16%
BILL-2016,Framework Studio Space,02/16/2026,03/03/2026,Net 15,5220 Direct Production Cost:Studio Rental,"Studio space, 1 day",Corporate Photography - Full Day,WVE-PROD-2026,$300.00,FSS-1187,Event shoot studio day,Direct Project Cost,16%
BILL-2017,Adobe Inc.,03/20/2026,03/20/2026,Due on Receipt,5320 Client Project Costs:Client-Specific Software,Adobe Stock image license purchased specifically for client project,Website Design,MTS-WEB-2026,$120.00,ADBE-77410,"One-time stock license, billed to client at cost",Direct Project Cost,16%
BILL-2018,Adobe Inc.,01/05/2026,01/05/2026,Due on Receipt,6320 Technology and Software:Design Software,Creative Cloud All Apps - monthly subscription,,,$59.99,ADBE-71002,"Monthly subscription, auto-renews",Operating Expense,16%
BILL-2019,Microsoft 365,01/05/2026,01/05/2026,Due on Receipt,6330 Technology and Software:Project Management Software,Microsoft 365 Business - monthly subscription,,,$28.00,MSFT-30044,"Office suite, email, file storage - closest available account",Operating Expense,16%
BILL-2020,Comcast Business,01/07/2026,01/07/2026,Due on Receipt,6360 Technology and Software:Internet and telecommunications services,Business internet & phone - January service,,,$180.00,CMCB-99013,Monthly service,Operating Expense,16%
BILL-2021,Meridian CPA Group,01/31/2026,02/15/2026,Net 15,6210 Professional Fees:Accounting and Bookkeeping Fees,January bookkeeping retainer,,,$900.00,MCG-J26,Monthly retainer,Operating Expense,16%
BILL-2022,Meridian CPA Group,02/28/2026,03/15/2026,Net 15,6210 Professional Fees:Accounting and Bookkeeping Fees,February bookkeeping retainer,,,$900.00,MCG-F26,Monthly retainer,Operating Expense,16%
BILL-2023,Meridian CPA Group,03/31/2026,04/15/2026,Net 15,6210 Professional Fees:Accounting and Bookkeeping Fees,March bookkeeping retainer,,,$900.00,MCG-M26,Monthly retainer,Operating Expense,16%
BILL-2024,Osei & Park LLP,02/05/2026,03/07/2026,Net 30,6220 Professional Fees:Legal and professional fees,Client contract review,,,$650.00,OP-2091,5 hrs @ $130/hr,Operating Expense,16%
BILL-2025,Ferretti Office Suites,01/01/2026,01/04/2026,Due on the 1st,6520 Other general and administrative expenses:Rent or lease payments,January office rent,,,"$2,200.00",FOS-JAN26,Monthly lease payment,Operating Expense,16%
BILL-2026,Ferretti Office Suites,02/01/2026,02/04/2026,Due on the 1st,6520 Other general and administrative expenses:Rent or lease payments,February office rent,,,"$2,200.00",FOS-FEB26,Monthly lease payment,Operating Expense,16%
BILL-2027,Ferretti Office Suites,03/01/2026,03/04/2026,Due on the 1st,6520 Other general and administrative expenses:Rent or lease payments,March office rent,,,"$2,200.00",FOS-MAR26,Monthly lease payment,Operating Expense,16%
